project,file,lines,md5,status
EJLive.Application,src/EJLive.Application/EJLiveApplicationHost.cs,89,eeee1aef19c43fe7249de6dfb5793bea,compiled
EJLive.Application,src/EJLive.Application/Installation/InstallerAutomationRunner.cs,524,7615890ad0f25297e16602b4ae680dd8,compiled
EJLive.Application,src/EJLive.Application/Installation/InstallerOperationalSecurityService.cs,509,22953730831dac718f3672c944c088a2,compiled
EJLive.Application,src/EJLive.Application/Installation/InstallerPlatformServices.cs,679,a411374d424fae16f9bad5a909392ef1,compiled
EJLive.Application,src/EJLive.Application/Properties/AssemblyInfo.cs,17,2fab0e42e4f29368d2cc6bdb11951474,compiled
EJLive.Business,src/EJLive.Business/BusinessAdapters.cs,78,781bd8d575a73e8f66a5cab18ca10f52,compiled
EJLive.Business,src/EJLive.Business/OriginalSourceCatalog.cs,209,16dd747dedeb633cdbe38efd1462de57,compiled
EJLive.Business,src/EJLive.Business/Properties/AssemblyInfo.cs,17,a5d9078bbc8521ec5d62aeae08df4fc9,compiled
EJLive.Business,src/EJLive.Business/StableBusinessRuntime.cs,33,1466daa6ebfcfd7743e2151a9e31fda0,compiled
EJLive.Business,src/EJLive.Business/UnifiedBusinessRuntime.cs,134,75e640d8f08de9d317f78fd3317af797,compiled
EJLive.Business,src/EJLive.Business/UnifiedClientServiceSupervisor.cs,83,90bac965c96e14748a7ba0d1f28836a4,compiled
EJLive.Business,src/EJLive.Business/UnifiedFileBindingService.cs,62,ef8e173787e3c1840a2a8ab21cb81491,compiled
EJLive.Business,src/EJLive.Business/UnifiedFleetReadinessService.cs,78,4d60d7ed8141e2c5cfca5635832ffd5f,compiled
EJLive.Business,src/EJLive.Business/UnifiedJournalEvidenceAnalyzer.cs,82,ac33e325c52044bf00bdf7c4c59cd7d3,compiled
EJLive.Business,src/EJLive.Business/UnifiedJournalStorageService.cs,160,c8e1b0d2e00060593e1a6ac1cdacbfaa,compiled
EJLive.Business,src/EJLive.Business/UnifiedOperationalFusionService.cs,67,cfdf4179a196d2356d59c4db5c6ae80b,compiled
EJLive.Business,src/EJLive.Business/UnifiedProjectIntegrationAuditService.cs,89,141e1d318656b1da318dad9749434c21,compiled
EJLive.Business,src/EJLive.Business/UnifiedRemoteCommandOrchestrator.cs,140,b6b9e04fa94d14418f8027decfc1c1eb,compiled
EJLive.Business,src/EJLive.Business/UnifiedRemoteCommandPolicy.cs,111,a1d88f3cf6832cf205a751e52449aa4c,compiled
EJLive.Business,src/EJLive.Business/UnifiedServiceGateway.cs,152,cd7b1677b9ae01260be02bc0bc5999c6,compiled
EJLive.Client.Service,src/EJLive.Client.Service/AgentConfiguration.cs,11,71231d7490ad5a022b8c2d2d270a13aa,compiled
EJLive.Client.Service,src/EJLive.Client.Service/AgentConfigurationXmlService.cs,372,2d1a33336b9dd1bbfc1720c9bcc27c7d,compiled
EJLive.Client.Service,src/EJLive.Client.Service/AgentHeadlessController.cs,815,dd50fdb890d005bbc5b7d358a689cc75,compiled
EJLive.Client.Service,src/EJLive.Client.Service/AgentHealthReporter.cs,128,13e76c528282b4d0d8750b37bdc70e6e,compiled
EJLive.Client.Service,src/EJLive.Client.Service/AgentRuntimeSnapshot.cs,22,13fa5e7c167539f42a052ced9d7b3a19,compiled
EJLive.Client.Service,src/EJLive.Client.Service/ClientAgentWindowsService.cs,242,89a39b5862a14a39224a00d316c1730d,compiled
EJLive.Client.Service,src/EJLive.Client.Service/ClientServiceHost.cs,10,2b89fdb55d5fee69626f97fa84d10bf3,compiled
EJLive.Client.Service,src/EJLive.Client.Service/ClientServiceMissingComponents.cs,43,094342bdb98ae9fb3aafe650bb501fe4,compiled
EJLive.Client.Service,src/EJLive.Client.Service/Compatibility/BackoffPolicy.cs,29,f496a8832ce2efef6ff3fa6d16b84387,compiled
EJLive.Client.Service,src/EJLive.Client.Service/Compatibility/JournalOutboxAdapter.cs,120,f143a08f95c8b1293a7fef332784e2f0,compiled
EJLive.Client.Service,src/EJLive.Client.Service/Compatibility/ReflectionSafe.cs,108,4da4eb6675bc36ade5eba8aaf97ffd91,compiled
EJLive.Client.Service,src/EJLive.Client.Service/Compatibility/SafeLiveFileReader.cs,36,1be6f52cdcbf8a18c83ae529cf5c9e6d,compiled
EJLive.Client.Service,src/EJLive.Client.Service/Compatibility/ServiceStubs.cs,132,9ac8beaa7c931886e0d699d6e9e84a60,compiled
EJLive.Client.Service,src/EJLive.Client.Service/IAgentController.cs,56,c1b9f02e1c4c07bb59b7cabf34e74666,compiled
EJLive.Client.Service,src/EJLive.Client.Service/LogBackupScheduler.cs,152,691a34780680175d0da779e876307fac,compiled
EJLive.Client.Service,src/EJLive.Client.Service/Program.cs,23,915a52d8efa8a05f10436402a1089daa,compiled
EJLive.Client.Service,src/EJLive.Client.Service/Properties/AssemblyInfo.cs,17,e69d2a3a6f8012877e1cdb3d2842763c,compiled
EJLive.Client.Service,src/EJLive.Client.Service/RuntimeAgentConfigResolver.cs,223,07f210ebde907a07d10d12999195377f,compiled
EJLive.Client.Service,src/EJLive.Client.Service/StableServiceProgram.cs,80,89b160ec39ca56cab8d385c4fc8416d9,compiled
EJLive.Client.Service,src/EJLive.Client.Service/SystemBackupService.cs,1479,0cf1ea5f0739fbe1d6c260a48e70c426,compiled
EJLive.Client.Service,src/EJLive.Client.Service/TimeSyncScheduler.cs,63,f7939e57346ab734438e30a4faf00c98,compiled
EJLive.Client.WinForms,src/EJLive.Client.WinForms/ClientMainForm.cs,425,5ff113c183447b49d1c5c30893f07a11,compiled
EJLive.Client.WinForms,src/EJLive.Client.WinForms/ClientStartupPlanner.cs,47,c384b561a27333c81132f8a766963687,compiled
EJLive.Client.WinForms,src/EJLive.Client.WinForms/Program.cs,11,98631d6e7e791a9ec616f595fbafa767,compiled
EJLive.Client.WinForms,src/EJLive.Client.WinForms/Properties/AssemblyInfo.cs,13,61fb4c191c4fbb5bc1349157679e6d96,compiled
EJLive.Client.WinForms,src/EJLive.Client.WinForms/Services/ClientCompanionGateway.cs,375,7a245cb273625c356ec3827ebcec2ef4,compiled
EJLive.Client.WinForms,src/EJLive.Client.WinForms/Services/FileDeliveryConfirmationTracker.cs,147,959610ca073b301f5fa978159c4eb23c,compiled
EJLive.Client.WinForms,src/EJLive.Client.WinForms/Services/ServiceRegistry.cs,22,80858381d10b0eccb0aecfd28043b14c,compiled
EJLive.Core,src/EJLive.Core/ActiveCore.cs,299,2cf942316d58685be95c62b60ee68bd3,compiled
EJLive.Core,src/EJLive.Core/Communication/Protocol.cs,137,e4eea860fb3b1508c773eab78b458221,compiled
EJLive.Core,src/EJLive.Core/Config/AgentConfiguration.cs,213,bf3769940cca80704f1f7961888546a9,compiled
EJLive.Core,src/EJLive.Core/Constants.cs,89,f3a541a6bd01e4d0a953c7b4b6376f5f,compiled
EJLive.Core,src/EJLive.Core/Data/DatabaseMigrationContracts.cs,281,a61ca9ffd5a161456f50fe8d399edd5a,compiled
EJLive.Core,src/EJLive.Core/Data/DatabaseMigrationsRunner.cs,244,ce004d353d32012b25edc5cefe561684,compiled
EJLive.Core,src/EJLive.Core/Data/JournalOffsetStore.cs,110,d497e8048f14381d576f644b977d4797,compiled
EJLive.Core,src/EJLive.Core/Engine/ATMRealTimeStatusReducer.cs,345,358e403026872a8bd5d7a4d1152ef132,compiled
EJLive.Core,src/EJLive.Core/Engine/CashDistributionParser.cs,210,bf02b9c8c4b2e116bede8975d06a6904,compiled
EJLive.Core,src/EJLive.Core/Engine/CashwayEjTransactionParser.cs,197,d6ea122b57c4c262930455fc06bbf56c,compiled
EJLive.Core,src/EJLive.Core/Engine/ChunkedTransferEngine.cs,179,c7d76b12a55ca2fb3ca3dd6fe7096910,compiled
EJLive.Core,src/EJLive.Core/Engine/CommandRiskLevel.cs,20,a1785a6300c25d8f5c0daa5e1a72330a,compiled
EJLive.Core,src/EJLive.Core/Engine/CommandSigningEngine.cs,228,eb15f58a16eb341a2df5c5bc31b6674e,compiled
EJLive.Core,src/EJLive.Core/Engine/CommunicationProtocol.cs,292,5c59f06c2b2d04a3fae4e8531d2cb018,compiled
EJLive.Core,src/EJLive.Core/Engine/CompleteLineReadWindow.cs,106,a5bdaf06d4d65026c78ff8b7083a79a4,compiled
EJLive.Core,src/EJLive.Core/Engine/CorrelationEngine.cs,280,3f337695ce724c0813d4e0c37724d5d0,compiled
EJLive.Core,src/EJLive.Core/Engine/DashboardSnapshotService.cs,174,81b3f6c211ea8c6aa9384d3dc43231f9,compiled
EJLive.Core,src/EJLive.Core/Engine/DeploymentRollbackGuard.cs,278,1bf465ff6acf435c2aae07f4ba4b7308,compiled
EJLive.Core,src/EJLive.Core/Engine/DieboldEjTransactionParser.cs,226,cc6bc22916e6af635865c4bef6ab30f3,compiled
EJLive.Core,src/EJLive.Core/Engine/EjParserRegistry.cs,87,990aa3d2e50428be5ee958e8fce72300,compiled
EJLive.Core,src/EJLive.Core/Engine/FileDistributionEngine.cs,231,705db676f38458fd51ed51c2c2e41068,compiled
EJLive.Core,src/EJLive.Core/Engine/FileWatcherEngine.cs,163,da12751c01f364a107df5ad1a4ecf36f,compiled
EJLive.Core,src/EJLive.Core/Engine/FleetPredictionEngine.cs,78,c07f7c18007c1cc6b725a667a8e0a2f4,compiled
EJLive.Core,src/EJLive.Core/Engine/GrgEjTransactionParser.cs,188,1ab8199e28414ca670d4ca5e1da81702,compiled
EJLive.Core,src/EJLive.Core/Engine/HeartbeatService.cs,258,26bba36a4ac6455b655f298836091fa0,compiled
EJLive.Core,src/EJLive.Core/Engine/HyosungEjTransactionParser.cs,255,e3c6d641664b5d849809b6a22ba7bad4,compiled
EJLive.Core,src/EJLive.Core/Engine/IEjTransactionParser.cs,59,515226cdb3546e5920ecaa8924bc68b8,compiled
EJLive.Core,src/EJLive.Core/Engine/IXfsVendorAdapter.cs,24,797b08124ca1ff0ea162d2195161e805,compiled
EJLive.Core,src/EJLive.Core/Engine/ImageSyncEngine.cs,51,0afc1090837b1a41e4ff532bd44c58bf,compiled
EJLive.Core,src/EJLive.Core/Engine/IngestionPipeline.cs,143,45d7ecbffa1e50827033b155d1c4bbd9,compiled
EJLive.Core,src/EJLive.Core/Engine/InstallerEngine.cs,422,9010659b5e27e128a70707c2e25a7caa,compiled
EJLive.Core,src/EJLive.Core/Engine/JournalOutbox.cs,404,f6fcdfac933b1665ce767bbec62164be,compiled
EJLive.Core,src/EJLive.Core/Engine/LocalAtmHealthSnapshot.cs,130,8c0b9aa67dc8665a178b302e6c3d11ed,compiled
EJLive.Core,src/EJLive.Core/Engine/LogRedactionEngine.cs,76,055ab7a2807ec7f525e545a6d5e4a5f5,compiled
EJLive.Core,src/EJLive.Core/Engine/MonitoringDashboardEventBus.cs,300,0951bca524e79a2f756d22b68c5c781b,compiled
EJLive.Core,src/EJLive.Core/Engine/NcrEjTransactionParser.cs,307,288f7cf4962215424d579aa13d3cae0d,compiled
EJLive.Core,src/EJLive.Core/Engine/NcrXfsAdapter.cs,214,0b07ae03376b0818b1b9e1b242c5b235,compiled
EJLive.Core,src/EJLive.Core/Engine/NetworkEngine.cs,573,ef8275ba3fd47e8d07eda9670432317c,compiled
EJLive.Core,src/EJLive.Core/Engine/NocDashboardEventBus.cs,11,d1d53d918a4f935d06e1a39cd001e38b,compiled
EJLive.Core,src/EJLive.Core/Engine/OperationalEngines.cs,909,edb66cb4305a464d9a7fb28f5984cf22,compiled
EJLive.Core,src/EJLive.Core/Engine/OperationalSeverity.cs,33,991fe11a7ead15af2125ad2f1e51869f,compiled
EJLive.Core,src/EJLive.Core/Engine/OutboxMaintenanceService.cs,149,c54ea943c05f73031cac462a45f307aa,compiled
EJLive.Core,src/EJLive.Core/Engine/OutboxQuotaManager.cs,142,86dd6cf32ca16afb0739ee8925b7e9b9,compiled
EJLive.Core,src/EJLive.Core/Engine/PolicyEnforcementMode.cs,14,d977625a28b506453069abb221a8f820,compiled
EJLive.Core,src/EJLive.Core/Engine/RegressionVerificationGate.cs,227,d175eda2c1808cb09fa950e00029bf51,compiled
EJLive.Core,src/EJLive.Core/Engine/ReleaseReadinessChecker.cs,223,94bbab74a6fd663a8298bef390e040b0,compiled
EJLive.Core,src/EJLive.Core/Engine/RemoteAssistanceSession.cs,256,c87a4042e9b1f0eb40cd54171e099c24,compiled
EJLive.Core,src/EJLive.Core/Engine/RemoteCommandPolicy.cs,111,00e6382e689c69655b88b882e3da6ceb,compiled
EJLive.Core,src/EJLive.Core/Engine/ReportingExportEngine.cs,654,af1eaa86583d395e457d6d33be96a7fb,compiled
EJLive.Core,src/EJLive.Core/Engine/SafeRemoteCommandExecutor.cs,194,e09ffd50b234c48248cc5d7b6ba53c2e,compiled
EJLive.Core,src/EJLive.Core/Engine/SafeRemoteCommandQueue.cs,287,39bfa20ebe4e9015a0493afcecb7ae11,compiled
EJLive.Core,src/EJLive.Core/Engine/SafeWindowsPolicyEnforcer.cs,290,a1d1c1672b37d16a204c8bb60281240f,compiled
EJLive.Core,src/EJLive.Core/Engine/ScreenshotCaptureService.cs,238,bf7ff6246e22fdaa10e4da489f10e405,compiled
EJLive.Core,src/EJLive.Core/Engine/SecretProtector.cs,67,7f2867f07b082ce2788c38b54ad3df57,compiled
EJLive.Core,src/EJLive.Core/Engine/SecureHandshakeService.cs,204,a746ebc847f36533f159e6f9af8eb25f,compiled
EJLive.Core,src/EJLive.Core/Engine/SecurityPolicy.cs,153,0b21e3b40d22970e383cc50a8df07937,compiled
EJLive.Core,src/EJLive.Core/Engine/SequenceValidationService.cs,139,fd0239460cc7b6111dcbcc311de778c2,compiled
EJLive.Core,src/EJLive.Core/Engine/StructuredLogger.cs,273,e4fb88dac6c50b3c55b2748edeb4b3ee,compiled
EJLive.Core,src/EJLive.Core/Engine/TimeSyncService.cs,170,58b708e6c56b5eb1556c4e0e059f11aa,compiled
EJLive.Core,src/EJLive.Core/Engine/TransactionInquiryEngine.cs,219,e8d60f18d38bc3b5cf6e879b2a0215f8,compiled
EJLive.Core,src/EJLive.Core/Engine/WincorEjTransactionParser.cs,221,924ddf2ac9d3443ebd944be58d5423b8,compiled
EJLive.Core,src/EJLive.Core/Engine/WindowsServiceRegistration.cs,190,34a37ea9df384986e363df32c54ac669,compiled
EJLive.Core,src/EJLive.Core/Enums/ATMTypes.cs,687,50a32e244f93700e421eaa4fe76c4053,compiled
EJLive.Core,src/EJLive.Core/Journal/JournalContracts.cs,194,7903bc384ddd36187b8303fb38241945,compiled
EJLive.Core,src/EJLive.Core/Models/ATMConfig.cs,730,0a856b947cdc3282fa3832cc551ee8df,compiled
EJLive.Core,src/EJLive.Core/Models/ATMDevice.cs,875,1b794d7ad4e189a17285355061a6e4a2,compiled
EJLive.Core,src/EJLive.Core/Models/ATMRealTimeStatusSnapshot.cs,484,f28cf6b6655c37a3cc7e688c0fd60064,compiled
EJLive.Core,src/EJLive.Core/Models/AgentEnums.cs,28,971801b26fcd7974adf99c37eef4c5ff,compiled
EJLive.Core,src/EJLive.Core/Models/AlertSnapshot.cs,39,f1f0e87e2658085b716ef13e1eb97e81,compiled
EJLive.Core,src/EJLive.Core/Models/AnalysisRuntimeModels.cs,68,738d09eeeaf651816b0398b27d8e3fd7,compiled
EJLive.Core,src/EJLive.Core/Models/AuditLog.cs,92,2bcc1d50e2216b3b38e6729084d621d8,compiled
EJLive.Core,src/EJLive.Core/Models/CommandQueueItem.cs,61,fbcc05298ac461107ce5b314d409d39e,compiled
EJLive.Core,src/EJLive.Core/Models/CompatibilityModels.cs,88,c49d7f0d84671955cec0b761d74133e1,compiled
EJLive.Core,src/EJLive.Core/Models/CoreAdapters.cs,276,ae15381fd015ce65a193e42f63cdce32,compiled
EJLive.Core,src/EJLive.Core/Models/DashboardViewModel.cs,106,42906e531c2a51e96d3c883834d4e2cc,compiled
EJLive.Core,src/EJLive.Core/Models/EjTransaction.cs,47,7ad317408d093272fa7b8133a96081ba,compiled
EJLive.Core,src/EJLive.Core/Models/FileDistributionRequest.cs,25,65bb7004c91f6e93186e82b35a392cd5,compiled
EJLive.Core,src/EJLive.Core/Models/FleetSummary.cs,132,e9e83383e2f00015236135ef8e428346,compiled
EJLive.Core,src/EJLive.Core/Models/HandshakeModels.cs,47,d1656a96671f69dcc5ca889a2ac95c71,compiled
EJLive.Core,src/EJLive.Core/Models/InstallManifest.cs,142,478fe7a07011610d6a3289395937a548,compiled
EJLive.Core,src/EJLive.Core/Models/JournalArchiveModels.cs,21,046d0b6f76b6511aff7ccae211ddc6cc,compiled
EJLive.Core,src/EJLive.Core/Models/JournalSyncModels.cs,213,87bba1620896bfdded837f856e444ed8,compiled
EJLive.Core,src/EJLive.Core/Models/MergedTraceModels.cs,29,799eb1ddf14aec9f001106f68badee48,compiled
EJLive.Core,src/EJLive.Core/Models/NcrConfigModels.cs,43,8b091d4bca71edeabe2fabb52acd0e48,compiled
EJLive.Core,src/EJLive.Core/Models/NcrConfigurationModels.cs,18,590dc10900ea8d81c222fb2380f45918,compiled
EJLive.Core,src/EJLive.Core/Models/NetworkMessage.cs,453,f89027957c54252003c23f6bcb981b3e,compiled
EJLive.Core,src/EJLive.Core/Models/NormalizedVendorEvent.cs,37,692245f194a74e6e8a4c61fb6992c678,compiled
EJLive.Core,src/EJLive.Core/Models/OperationalEvent.cs,27,2eeccb2c3f41205950a762184baaeade,compiled
EJLive.Core,src/EJLive.Core/Models/PolicySnapshot.cs,34,baed9c58fdf9ace7c907fb274ecb32db,compiled
EJLive.Core,src/EJLive.Core/Models/RemoteSessionAudit.cs,46,a4682eaecef269b110a10b9072661f65,compiled
EJLive.Core,src/EJLive.Core/Models/RemoteSessionRequest.cs,49,0da283dc40b35dc74b1ae21cd9dd9931,compiled
EJLive.Core,src/EJLive.Core/Models/ReportRequest.cs,39,0fc6cf48fbb452e2db90a892a248957f,compiled
EJLive.Core,src/EJLive.Core/Models/ScreenshotMetadata.cs,28,6c902a427ed60603a71bc3c7f90716f4,compiled
EJLive.Core,src/EJLive.Core/Models/SyncProgress.cs,280,633fd0f16957ad2fe39c4aff3251a776,compiled
EJLive.Core,src/EJLive.Core/Models/Transaction.cs,329,a595ad4f081df5dbf71606b28371f06e,compiled
EJLive.Core,src/EJLive.Core/Models/TransactionClassification.cs,58,c47b22335068c41b01d18a94b9e82796,compiled
EJLive.Core,src/EJLive.Core/Models/TransferSession.cs,58,996a73cc1400a5e24e5145feb28c80f5,compiled
EJLive.Core,src/EJLive.Core/Models/UnifiedModels.cs,547,bc1b64df0e4cc009b03559e8e4729b59,compiled
EJLive.Core,src/EJLive.Core/Models/VendorRootProfileModels.cs,69,44486015813de5f25fb1625c485c2026,compiled
EJLive.Core,src/EJLive.Core/Properties/AssemblyInfo.cs,14,726012b6d42a175261931c7a437f9d3b,compiled
EJLive.Core,src/EJLive.Core/Protocols/Ndc/NdcModels.cs,40,e800db63b7d4055ee0ee1d1ef50050c5,compiled
EJLive.Core,src/EJLive.Core/Security/SecurityContracts.cs,211,b27cf2627c37ce72ef1a4e273774ffbf,compiled
EJLive.Core,src/EJLive.Core/Security/SecurityHelper.cs,128,fdee1705c719aca5a888063a2f6c54ab,compiled
EJLive.Core,src/EJLive.Core/Server/IngestionPipelineContracts.cs,265,f66a80e66d58595994940be1f9ac4880,compiled
EJLive.Core,src/EJLive.Core/Server/ServerCoreServices.cs,298,5a00facb796dcd7c3e791b545d951075,compiled
EJLive.Core,src/EJLive.Core/Services/AgentConfigurationXmlService.cs,230,478413a7c831f8b834aedcdf01d91177,compiled
EJLive.Core,src/EJLive.Core/Services/AlertManager.cs,10,fd99bdef49929b73c827894fb220e5c4,compiled
EJLive.Core,src/EJLive.Core/Services/AuditLogger.cs,186,f9a0d9d88533dbe3859fdd63eff91c22,compiled
EJLive.Core,src/EJLive.Core/Services/ClientTelemetryAnalyticsService.cs,190,dc3dc7a17be138c5d8cec5aeddde5f78,compiled
EJLive.Core,src/EJLive.Core/Services/CommandSigningEngine.cs,198,5ca13a87368a75f5813f38607d7de57a,compiled
EJLive.Core,src/EJLive.Core/Services/ControlledDiagnosticCommandService.cs,86,0f7c24b8fe09effc19f8823abc96628a,compiled
EJLive.Core,src/EJLive.Core/Services/CoreServices.cs,107,c9a66e280322e485dc8cb04fe7c28fbb,compiled
EJLive.Core,src/EJLive.Core/Services/DatabaseManager.cs,753,60cacca57c90da5f63c651e21479a681,compiled
EJLive.Core,src/EJLive.Core/Services/GhostRemote2Service.cs,78,967a6b6cc750bf12fdac7c9c09b6d130,compiled
EJLive.Core,src/EJLive.Core/Services/IJournalSyncService.cs,9,205f8a327e09f283d108b8a678aa2c63,compiled
EJLive.Core,src/EJLive.Core/Services/JournalReadService.cs,107,130c4ece0596b5c0f6d78b04b0fbf814,compiled
EJLive.Core,src/EJLive.Core/Services/JournalSyncAlertService.cs,4,5cab5ac852a13026bac8ad19b9332c99,compiled
EJLive.Core,src/EJLive.Core/Services/JournalSyncDashboardService.cs,4,5cab5ac852a13026bac8ad19b9332c99,compiled
EJLive.Core,src/EJLive.Core/Services/JournalSyncMonitorService.cs,19,12e59b19357bc0999ee9716c235483dd,compiled
EJLive.Core,src/EJLive.Core/Services/JournalSyncService.cs,5,43bd010bf270bf2b1097bedf6eea9319,compiled
EJLive.Core,src/EJLive.Core/Services/JournalSyncServiceStub.cs,5,f4b49fb75bedc55d45383aa133b9dca1,compiled
EJLive.Core,src/EJLive.Core/Services/JournalSyncStateService.cs,134,a16f8c4d46f708e5dc186620a89c7d79,compiled
EJLive.Core,src/EJLive.Core/Services/JournalSyncStateStore.cs,2,fb60bf5888ad588ad484f128554d007f,compiled
EJLive.Core,src/EJLive.Core/Services/JournalSyncTracker.cs,2,fb60bf5888ad588ad484f128554d007f,compiled
EJLive.Core,src/EJLive.Core/Services/JournalSyncTrackerService.cs,2,fb60bf5888ad588ad484f128554d007f,compiled
EJLive.Core,src/EJLive.Core/Services/JournalSyncTrackingService.cs,53,660fe38ccc37cc0e3c0bae58fd217cea,compiled
EJLive.Core,src/EJLive.Core/Services/JournalTransferIntelligenceService.cs,98,4a722d6301b569b6a84c252c70a2e46b,compiled
EJLive.Core,src/EJLive.Core/Services/LabelMappingService.cs,47,725dd2742decd558f66e3cb912fe5af7,compiled
EJLive.Core,src/EJLive.Core/Services/MergedTraceCorrelationService.cs,127,64a1283ef0b90783dcde17b5205500cf,compiled
EJLive.Core,src/EJLive.Core/Services/NcrConfigCapabilityParser.cs,183,77849b0f0ddb6abafdc765f7b7f8a7ba,compiled
EJLive.Core,src/EJLive.Core/Services/NcrConfigurationCapabilityParser.cs,155,245ffdac8a1a5a944b3d3eccbb9c6c7f,compiled
EJLive.Core,src/EJLive.Core/Services/NcrReferenceCapabilityFactory.cs,70,8c37540996c488ddeeaca84671791c41,compiled
EJLive.Core,src/EJLive.Core/Services/OperationalReportCatalogService.cs,207,676a8744b3b3a5e2d3c37be73bb70a32,compiled
EJLive.Core,src/EJLive.Core/Services/OperationalStateStore.cs,28,96cb21d20fbabfa4ccac8b345878d4da,compiled
EJLive.Core,src/EJLive.Core/Services/RemoteDiagnosticCommandService.cs,78,a6d2f2844cabca560dddbc5b448cf826,compiled
EJLive.Core,src/EJLive.Core/Services/RoleBasedAccess.cs,476,7e79e3216498c842b6f138278cdac130,compiled
EJLive.Core,src/EJLive.Core/Services/SecurityService.cs,150,248bcaa6223a613c9ca53fa912b44e2f,compiled
EJLive.Core,src/EJLive.Core/Services/ServiceLocator.cs,38,456faad6b77bc36b266c3b869db9ce05,compiled
EJLive.Core,src/EJLive.Core/Services/SovereignEngineCompatibility.cs,108,ba937d0c2ccf78fb2cfa4884a49b3a4d,compiled
EJLive.Core,src/EJLive.Core/Services/UnifiedOperationalFusion.cs,301,9216641b98cde65f7d5e2a7a7af90e46,compiled
EJLive.Core,src/EJLive.Core/Services/UnifiedOperationalReportingService.cs,206,1181a364467d0a7ec13b0ae2f2bd527e,compiled
EJLive.Core,src/EJLive.Core/Services/UnifiedServerAnalyticsService.cs,282,f2dc5e32e503bd18981980d6b6619c65,compiled
EJLive.Core,src/EJLive.Core/Services/UnifiedServiceGateway.cs,503,a26b0c68edd53803d2a2dd78204a2bd2,compiled
EJLive.Core,src/EJLive.Core/Services/UnifiedServiceOperations.cs,564,19e2253e7af7569891eb9d94ff3f393a,compiled
EJLive.Core,src/EJLive.Core/Services/VendorPathRegistry.cs,306,db23bcf5a29b35ff3bb61f8cd40ef0f6,compiled
EJLive.Core,src/EJLive.Core/Services/VendorRootCapabilityService.cs,271,f0c2651d8369718e0112ae132ac69b20,compiled
EJLive.Core,src/EJLive.Core/Services/VendorRootProfileCatalogService.cs,7,4ce4afdb13d9fca693b34973a31b59f3,compiled
EJLive.Core,src/EJLive.Core/Services/XfsLogAnalysisService.cs,205,ce80a6e3027e9e539295184e0c2dfa7b,compiled
EJLive.Core,src/EJLive.Core/Shared/SharedPrimitives.cs,70,b71499adf45575b18eef5c0960c77e33,compiled
EJLive.Core,src/EJLive.Core/Shared/ThemeManager.cs,190,c4dbdbf5729754ab5c06cc8a5169c2aa,compiled
EJLive.Core,src/EJLive.Core/Shared/UI/Controls/ThemedButton.cs,103,82196675d9de4ed3cab962ffb415fa31,compiled
EJLive.Core,src/EJLive.Core/Shared/UI/LanguageManager.cs,388,8e6650b20d89112c0e7ed28b42013cce,compiled
EJLive.Core,src/EJLive.Core/Shared/UI/LanguageToggleButton.cs,81,42568e8b290ffeefb6a40cd9392fc3b2,compiled
EJLive.Core,src/EJLive.Core/Shared/UnifiedSystemConfiguration.cs,426,f4addaaed270c3946a5e1f5c46881c1a,compiled
EJLive.Core,src/EJLive.Core/Transport/TransportContracts.cs,632,e0ad2f589df16d090e3e44817f977b7b,compiled
EJLive.Core,src/EJLive.Core/Xfs/Adapters/CardReaderTraceAdapter.cs,76,3e26049a8346d42a72766f3d07f4380b,compiled
EJLive.Core,src/EJLive.Core/Xfs/Adapters/CashwayXfsAdapter.cs,102,74b4a63598e67587a74dd5224726d323,compiled
EJLive.Core,src/EJLive.Core/Xfs/Adapters/DebugTraceAdapter.cs,51,ccd222b8ce63dca41283938b765f530c,compiled
EJLive.Core,src/EJLive.Core/Xfs/Adapters/DieboldMdsAdapter.cs,233,b7234075a0ff6ca53d5d5c19d38123f5,compiled
EJLive.Core,src/EJLive.Core/Xfs/Adapters/GrgJournalAdapter.cs,230,5319a69736ebf03c965580abe982489b,compiled
EJLive.Core,src/EJLive.Core/Xfs/Adapters/GrgXfsAdapter.cs,167,f762c48ccf9cba34aefecd501af0b2da,compiled
EJLive.Core,src/EJLive.Core/Xfs/Adapters/HostMessageInAdapter.cs,50,97ca7af3b88abe1d2618c3480602f717,compiled
EJLive.Core,src/EJLive.Core/Xfs/Adapters/HostMessageOutAdapter.cs,52,f3c544d7293d3b7dfc054c1dc3a6c986,compiled
EJLive.Core,src/EJLive.Core/Xfs/Adapters/IXfsVendorAdapter.cs,11,6f5ec144fa2bf94216c79247a31ed2d7,compiled
EJLive.Core,src/EJLive.Core/Xfs/Adapters/NcrCardReaderTraceAdapter.cs,85,7bf137d4436d1f9e604f72c4c25c749e,compiled
EJLive.Core,src/EJLive.Core/Xfs/Adapters/NcrDebugTraceAdapter.cs,77,9bc7217ba9e67f2ed50ff977daf35c84,compiled
EJLive.Core,src/EJLive.Core/Xfs/Adapters/NcrHostMessageInAdapter.cs,59,ae4728e9b2799eeea8ade4e9a603b837,compiled
EJLive.Core,src/EJLive.Core/Xfs/Adapters/NcrHostMessageOutAdapter.cs,59,c110495119624e327751422c9bb801d4,compiled
EJLive.Core,src/EJLive.Core/Xfs/Adapters/NcrJournalAdapter.cs,132,75b6258e44f291efe0b40c9b5fb244ea,compiled
EJLive.Core,src/EJLive.Core/Xfs/Adapters/NcrOoxfsRuntimeAdapter.cs,73,80698e982bced2336b6c7b35abb57442,compiled
EJLive.Core,src/EJLive.Core/Xfs/Adapters/NcrXfsAdapter.cs,529,f635bc10052f01c9b6b161ee7aa06a4d,compiled
EJLive.Core,src/EJLive.Core/Xfs/Adapters/OoxfsRuntimeAdapter.cs,51,8bff9e90a032a0cb190c493b7678f6b4,compiled
EJLive.Core,src/EJLive.Core/Xfs/XfsAdapterRegistry.cs,51,ce5d8a93b3bf0d7664fd6da8cd151ea5,compiled
EJLive.Core,src/EJLive.Core/Xfs/XfsEventModels.cs,74,ae7800470768246c506df95087c33504,compiled
EJLive.Core,src/EJLive.Core/Xfs/XfsModels.cs,49,56ae30e544634606e83188b57d2344dc,compiled
EJLive.Installer.WinForms,src/EJLive.Installer.WinForms/InstallerAutomationRunner.cs,477,ebe5523a5c58ff5f12223e2e043c766f,compiled
EJLive.Installer.WinForms,src/EJLive.Installer.WinForms/InstallerForm.cs,128,79800e639a96167e5c09b43da939671c,compiled
EJLive.Installer.WinForms,src/EJLive.Installer.WinForms/InstallerOperationalSecurityService.cs,510,0a071ac89bf1e159181d4e905ad6b0a2,compiled
EJLive.Installer.WinForms,src/EJLive.Installer.WinForms/InstallerStubs.cs,21,58998e331336dcdb5f91d7ed06e61c64,compiled
EJLive.Installer.WinForms,src/EJLive.Installer.WinForms/Program.cs,51,30250531fbc780c0709ccb9cb51d0290,compiled
EJLive.Installer.WinForms,src/EJLive.Installer.WinForms/Properties/AssemblyInfo.cs,13,fb495f7564cbd8361b3b658dd9a37331,compiled
EJLive.LegacyReference,src/EJLive.LegacyReference/LegacyReferenceMarker.cs,9,fd15e026f74366ececd83f5f3237f3b1,compiled
EJLive.LegacyReference,src/EJLive.LegacyReference/Properties/AssemblyInfo.cs,13,672dfd7cffad5e1a132a5f49c26ee8b8,compiled
EJLive.Monitoring.WinForms,src/EJLive.Monitoring.WinForms/MainDashboardForm.cs,788,50e272ecfa33038a3a6240cdd49fcc0d,compiled
EJLive.Monitoring.WinForms,src/EJLive.Monitoring.WinForms/Models/DashboardModels.cs,79,4fb8dd6e196cb7a759640503b16d2084,compiled
EJLive.Monitoring.WinForms,src/EJLive.Monitoring.WinForms/Program.cs,11,14c1216c316f0957d9c569e23208d063,compiled
EJLive.Monitoring.WinForms,src/EJLive.Monitoring.WinForms/Properties/AssemblyInfo.cs,13,8cf521fca9a716aa743b688e2872c2a7,compiled
EJLive.Server,src/EJLive.Server/Properties/AssemblyInfo.cs,13,8a7ac4aad8684f53196d3909c77769ef,compiled
EJLive.Server,src/EJLive.Server/Services/ClientTelemetryStateService.cs,386,2329d03e62f77290c990fa484d5bd64f,compiled
EJLive.Server,src/EJLive.Server/Services/JournalAnalyticsService.cs,225,527e9fa4a3e9fcdd610f902b97e24fb0,compiled
EJLive.Server,src/EJLive.Server/Services/RemoteControlService.cs,591,920550602a43125cea63a48e37a3a770,compiled
EJLive.Server,src/EJLive.Server/Services/ServerAuditService.cs,144,46cd4c1292882d642de688b982f5c0bc,compiled
EJLive.Server.WinForms,src/EJLive.Server.WinForms/Models/ServerModels.cs,93,70c06a1713e2d6e58a1c5bd19a8433bd,compiled
EJLive.Server.WinForms,src/EJLive.Server.WinForms/Program.cs,11,4aea7781604a48793ad6636c64f483f9,compiled
EJLive.Server.WinForms,src/EJLive.Server.WinForms/PromptTextDialog.cs,74,7eabcc9b4d4bbcddd86c26da04117a8a,compiled
EJLive.Server.WinForms,src/EJLive.Server.WinForms/Properties/AssemblyInfo.cs,13,d84a079a86320661099677bf13157040,compiled
EJLive.Server.WinForms,src/EJLive.Server.WinForms/ServerMainForm.cs,2354,d01ee4ae78964189d36aa0a9e5cd86d5,compiled
EJLive.Shared,src/EJLive.Shared/AppConfig.cs,137,37a09961813dab3c8e2baecdb735da94,compiled
EJLive.Shared,src/EJLive.Shared/AppConstants.cs,158,c01a4cfb256728946493da25858f1d8e,compiled
EJLive.Shared,src/EJLive.Shared/AppLogger.cs,168,b59c36cbe7026b19c66c7f426b687abe,compiled
EJLive.Shared,src/EJLive.Shared/Configuration/AppConfig.cs,80,8fc3d5fd8a520a148c5b9b8faf7f453f,compiled
EJLive.Shared,src/EJLive.Shared/DateTimeHelper.cs,33,4e84202594954a466e9fa8881fc66339,compiled
EJLive.Shared,src/EJLive.Shared/MonitoringState.cs,93,2c3b213fc946cd7e5ffb74242ea706e8,compiled
EJLive.Shared,src/EJLive.Shared/MonitoringStateStore.cs,241,422ffe84926a469a3ed6c3048156c77a,compiled
EJLive.Shared,src/EJLive.Shared/Properties/AssemblyInfo.cs,14,274e3bb396ed562b30c150c936081bd2,compiled
EJLive.Shared,src/EJLive.Shared/RetryPolicy.cs,2,6f5d90819c55aac07b690c4c0719b86a,compiled
EJLive.Shared,src/EJLive.Shared/SecurityConfig.cs,120,5eb473c0f5450d49f1d5ae8696ea6038,compiled
EJLive.Shared,src/EJLive.Shared/SecurityHelper.cs,453,36154ddfe2f7dfb13d3c7981cf3036fd,compiled
EJLive.Tests,src/EJLive.Tests/AdditionalTests.cs,72,af47acdb919d2420d5dd2504efa02f00,compiled
EJLive.Tests,src/EJLive.Tests/AtmJournalEndToEndTests.cs,149,5b32c791c55a6517fe61765091942a58,compiled
EJLive.Tests,src/EJLive.Tests/ClientV5StartupTests.cs,41,9371f5488095fe121f14782f0803de9d,compiled
EJLive.Tests,src/EJLive.Tests/ContractTests.cs,322,e63050430546a227820ce4bf12d32278,compiled
EJLive.Tests,src/EJLive.Tests/JournalOutboxTests.cs,41,9aafcbe6b1cace7380150afdaa91ad56,compiled
EJLive.Tests,src/EJLive.Tests/PlatformRuntimeIntegrationTests.cs,198,8439fff8c2187c735f0e05278839efd9,compiled
EJLive.Tests,src/EJLive.Tests/Properties/AssemblyInfo.cs,17,ad4c28ebc5f2b7cec59885ee766b088c,compiled
EJLive.Tests,src/EJLive.Tests/ProtocolTests.cs,29,61837ffd417a935819583033a8e3d524,compiled
EJLive.Tests,src/EJLive.Tests/RegressionGateTests.cs,124,1342a8ad44409defa1d9d6368ab13ef2,compiled
EJLive.Tests,src/EJLive.Tests/RuntimeServiceBehaviorTests.cs,137,88c595dd7bbd03978583bd52fbe67a9c,compiled
EJLive.Tests,src/EJLive.Tests/SecurityHelperTests.cs,60,b8305df3fd994e1cedf936b392450519,compiled
EJLive.Tests,src/EJLive.Tests/StatusReducerContractTests.cs,111,db68a11fbcf0e949cbb433d37600fd25,compiled
EJLive.Tests,src/EJLive.Tests/StatusSnapshotTests.cs,142,e5c8f1443edfc82089499a65f76f7c36,compiled
EJLive.Tests,src/EJLive.Tests/Track03/HeadlessAgentTests.cs,91,21100cc6b56ecf31f11cc31ea5f29278,compiled
EJLive.Tests,src/EJLive.Tests/Track04/SecureHandshakeTests.cs,61,1dff12ad1e96287091c313ed11ecb7e1,compiled
EJLive.Tests,src/EJLive.Tests/Track05/FileWatcherOffsetTests.cs,53,9614ad1e4e0088e0ecd9ba2b726225af,compiled
EJLive.Tests,src/EJLive.Tests/Track06/ChunkedTransferTests.cs,47,fa5ef957b5741c7f47dce2559fa89e91,compiled
EJLive.Tests,src/EJLive.Tests/Track07/OutboxMaintenanceTests.cs,32,929eee76f125f5be63e1e6af4bf3b121,compiled
EJLive.Tests,src/EJLive.Tests/Track08/ClientCompanionGatewayTests.cs,177,1b0a728e4b74d14b8cf1bfdbe4b4d63c,compiled
EJLive.Tests,src/EJLive.Tests/Track08/ClientCompanionStatusTests.cs,78,b664b95f8b8086d8d197455f5bc9fa24,compiled
EJLive.Tests,src/EJLive.Tests/Track08/IngestionPipelineTests.cs,41,eef10366c0d43593dc7ec99ec9fbb6ec,compiled
EJLive.Tests,src/EJLive.Tests/Track08/VendorPathRegistryTests.cs,49,7ca32f54013380aa15ac47139e91a724,compiled
EJLive.Tests,src/EJLive.Tests/Track09/CashwayEjTransactionParserTests.cs,89,cb7446c79619c45b4e689e53f788d91e,compiled
EJLive.Tests,src/EJLive.Tests/Track09/NcrEjTransactionParserTests.cs,276,9bc03e79f7cc2c7daf04e62346d729f6,compiled
EJLive.Tests,src/EJLive.Tests/Track10/CorrelationEngineTests.cs,456,0c45112d4f9e9150b1df4268f0406009,compiled
EJLive.Tests,src/EJLive.Tests/Track11/SafeRemoteCommandTests.cs,255,4e815570fc1097c9f065cb462fccc6c0,compiled
EJLive.Tests,src/EJLive.Tests/Track12/WindowsPolicyEnforcerTests.cs,294,72304b1a9977e5adb32898fcfb363c4d,compiled
EJLive.Tests,src/EJLive.Tests/Track13/RemoteAssistanceTests.cs,208,2bfac9774ddec73a3097e9fb4872c33f,compiled
EJLive.Tests,src/EJLive.Tests/Track14/ScreenshotTests.cs,163,0602ea160e807418b4b5198720aae53c,compiled
EJLive.Tests,src/EJLive.Tests/Track15/FileDistributionTests.cs,182,1a0ec20531b73f7d600ad60fd4f2bf64,compiled
EJLive.Tests,src/EJLive.Tests/Track16/SecurityHardeningTests.cs,355,6f374802c5559df3bf5eea4ed923ba0a,compiled
EJLive.Tests,src/EJLive.Tests/Track17/StructuredLoggerTests.cs,271,9aaf80c81930516a128b57ece55b5706,compiled
EJLive.Tests,src/EJLive.Tests/Track18/DashboardSnapshotTests.cs,160,c7888400b8a85930602ecf1cfa1c7910,compiled
EJLive.Tests,src/EJLive.Tests/Track19/InstallerEngineTests.cs,294,9f1330aa2d4d0184fb9bde0e78b1cfff,compiled
EJLive.Tests,src/EJLive.Tests/Track36/LocalAtmHealthSnapshotTests.cs,54,20641e7f9cfa8892c4d2712ea050a27a,compiled
EJLive.Tests,src/EJLive.Tests/Track41/DeploymentRollbackGuardTests.cs,116,b0a96ba4ae2351bc9364b24237514555,compiled
EJLive.Tests,src/EJLive.Tests/Track43/MonitoringDashboardEventBusTests.cs,143,5d1033afdc47dbefbaaf5717619008f5,compiled
EJLive.Tests,src/EJLive.Tests/Track43/NocDashboardEventBusTests.cs,143,47303d1bef34b0f425b9c8b2dc5b2479,compiled
EJLive.Tests,src/EJLive.Tests/Track44/RegressionVerificationGateTests.cs,109,de93766df2df37df8bba0d50f1ec18cd,compiled
EJLive.Tests,src/EJLive.Tests/Track45/ReleaseReadinessCheckerTests.cs,138,fa81b12f2e3aefbe2f0ae7cc15a833dd,compiled
EJLive.Tests,src/EJLive.Tests/UnifiedRuntimeTests.cs,2275,0b923951c04d8f21576e4660f0fa33c9,compiled
EJLive.Tests,src/EJLive.Tests/V5EnhancedDifferenceTests.cs,353,c45d9838a065e32dcb1f9f8f200e98a5,compiled
EJLive.UnifiedLauncher,src/EJLive.UnifiedLauncher/Program.cs,102,225ae2223f3f087b59d5661467e6ee33,compiled
EJLive.Verification,src/EJLive.Verification/Program.cs,1327,2e36e1b98ad29aebcb7e9f8af991d9d2,compiled
EJLive.Verification,src/EJLive.Verification/Properties/AssemblyInfo.cs,17,359d95ccf895e76700b59c78c74119eb,compiled
(reference),src/_reference/corrupted/EJLive.Core/Services/AdvancedMonitoringService.cs,1828,,linked-reference
(reference),src/_reference/corrupted/EJLive.Core/Services/EnhancedServerService.cs,351,,linked-reference
(reference),src/_reference/corrupted/EJLive.Core/Services/FileTransferManager.cs,355,,linked-reference
(reference),src/_reference/corrupted/EJLive.Core/Services/GhostRemoteEngine.cs,17380,,linked-reference
(reference),src/_reference/corrupted/EJLive.Core/Services/ImageSyncEngine.cs,22664,,linked-reference
(reference),src/_reference/corrupted/EJLive.Core/Services/JournalSyncHub.cs,1623,,linked-reference
(reference),src/_reference/corrupted/EJLive.Core/Services/RemoteCommandHandler.cs,46078,,linked-reference
(reference),src/_reference/corrupted/EJLive.Core/Services/UnifiedJournalService.cs,724,,linked-reference
(reference),src/_reference/corrupted/EJLive.Core/Utils/DateTimeHelper.cs,973,,linked-reference
(reference),src/_reference/corrupted/EJLive.Core/Utils/Logger.cs,4682,,linked-reference
(reference),src/_reference/exact-duplicates/EJLive.Client.WinForms/RemoteCommandHandler.cs,46078,,linked-reference
(reference),src/_reference/exact-duplicates/EJLive.Core/Network/ServerEngine.cs,77320,,linked-reference
(reference),src/_reference/exact-duplicates/EJLive.Core/Parsers/JournalProcessor.cs,35724,,linked-reference
(reference),src/_reference/exact-duplicates/EJLive.Core/Transport/NetworkEngine.cs,97001,,linked-reference
(reference),src/_reference/exact-duplicates/EJLive.Core/Xfs/Adapters/XfsVendorAdapterContract.cs,11,,linked-reference
(reference),src/_reference/exact-duplicates/EJLive.LegacyReference/Properties/AssemblyInfo.cs,15,,linked-reference
(reference),src/_reference/exact-duplicates/EJLive.Server.WinForms/ArchiveManager.cs,467,,linked-reference
(reference),src/_reference/exact-duplicates/EJLive.Server.WinForms/Controls/ThemeColors.cs,48,,linked-reference
(reference),src/_reference/exact-duplicates/EJLive.Server.WinForms/Forms/DashboardForm.cs,34,,linked-reference
(reference),src/_reference/exact-duplicates/EJLive.Server.WinForms/Forms/ServerSettingsForm.cs,27,,linked-reference
(reference),src/_reference/exact-duplicates/EJLive.Server.WinForms/Services/ServerServiceController.cs,36,,linked-reference
(reference),src/_reference/exact-duplicates/EJLive.Server.WinForms/SyncDashboardForm.Designer.cs,110,,linked-reference
(reference),src/_reference/exact-duplicates/EJLive.Server.WinForms/SyncDashboardForm.cs,98,,linked-reference
(reference),src/_reference/exact-duplicates/EJLive.Server/Services/ArchiveManager.cs,467,,linked-reference
(reference),src/_reference/exact-duplicates/EJLive.Server/Services/EJServer.cs,1119,,linked-reference
(reference),src/_reference/exact-duplicates/_reference/orphan-projects/EJLive.Monitoring/MainDashboardForm.Designer.cs,951,,linked-reference
(reference),src/_reference/exact-duplicates/_reference/orphan-projects/EJLive.Monitoring/Models/DashboardModels.cs,79,,linked-reference
(reference),src/_reference/exact-duplicates/_reference/orphan-projects/EJLive.Monitoring/MonitoringDashboard.Designer.cs,31,,linked-reference
(reference),src/_reference/exact-duplicates/_reference/orphan-projects/EJLive.Monitoring/MonitoringDashboard.cs,657,,linked-reference
(reference),src/_reference/exact-duplicates/_reference/orphan-projects/EJLive.Setup/UnifiedSystemConfiguration.cs,426,,linked-reference
(reference),src/_reference/orphan-projects/EJLive.Backup/IntegratedBackupService.cs,292,,linked-reference
(reference),src/_reference/orphan-projects/EJLive.Installer/InstallerForm.Designer.cs,11,,linked-reference
(reference),src/_reference/orphan-projects/EJLive.Installer/InstallerForm.cs,83,,linked-reference
(reference),src/_reference/orphan-projects/EJLive.Installer/Program.cs,13,,linked-reference
(reference),src/_reference/orphan-projects/EJLive.Installer/Properties/AssemblyInfo.cs,2,,linked-reference
(reference),src/_reference/orphan-projects/EJLive.Launcher/Program.cs,108,,linked-reference
(reference),src/_reference/orphan-projects/EJLive.Launcher/Properties/AssemblyInfo.cs,15,,linked-reference
(reference),src/_reference/orphan-projects/EJLive.Monitor/Dashboard/MainDashboardForm.cs,68,,linked-reference
(reference),src/_reference/orphan-projects/EJLive.Monitor/MainDashboardForm.Designer.cs,15,,linked-reference
(reference),src/_reference/orphan-projects/EJLive.Monitor/MainDashboardForm.cs,191,,linked-reference
(reference),src/_reference/orphan-projects/EJLive.Monitor/Models/DashboardModels.cs,94,,linked-reference
(reference),src/_reference/orphan-projects/EJLive.Monitor/MonitoringDashboard.Designer.cs,31,,linked-reference
(reference),src/_reference/orphan-projects/EJLive.Monitor/MonitoringDashboard.cs,657,,linked-reference
(reference),src/_reference/orphan-projects/EJLive.Monitor/Program.cs,13,,linked-reference
(reference),src/_reference/orphan-projects/EJLive.Monitor/Properties/AssemblyInfo.cs,11,,linked-reference
(reference),src/_reference/orphan-projects/EJLive.Monitoring/Dashboard/MainDashboardForm.cs,171,,linked-reference
(reference),src/_reference/orphan-projects/EJLive.Monitoring/MainDashboardForm.cs,1481,,linked-reference
(reference),src/_reference/orphan-projects/EJLive.Monitoring/Program.cs,30,,linked-reference
(reference),src/_reference/orphan-projects/EJLive.Monitoring/Properties/AssemblyInfo.cs,18,,linked-reference
(reference),src/_reference/orphan-projects/EJLive.Reports/AdvancedReportingService.cs,190,,linked-reference
(reference),src/_reference/orphan-projects/EJLive.Security/EnhancedSecurityService.cs,99,,linked-reference
(reference),src/_reference/orphan-projects/EJLive.Setup/AssemblyInfo.cs,15,,linked-reference
(reference),src/_reference/orphan-projects/EJLive.Setup/InstallationManager.cs,497,,linked-reference
(reference),src/_reference/orphan-projects/EJLive.Setup/Program.cs,282,,linked-reference
(reference),src/_reference/orphan-projects/EJLive.Setup/SetupWizardForm.cs,194,,linked-reference
(reference),src/_reference/orphan-projects/EJLive.Vendors/Common/IVendorAdapter.cs,63,,linked-reference
(reference),src/_reference/uncompiled/EJLive.Client.WinForms/Agent/AgentBootstrapper.cs,1395,,linked-reference
(reference),src/_reference/uncompiled/EJLive.Client.WinForms/Agent/AgentTrayContext.cs,77,,linked-reference
(reference),src/_reference/uncompiled/EJLive.Client.WinForms/Agent/AutoAdminSetup.cs,42,,linked-reference
(reference),src/_reference/uncompiled/EJLive.Client.WinForms/Agent/BootNotifier.cs,63,,linked-reference
(reference),src/_reference/uncompiled/EJLive.Client.WinForms/Agent/LogBackupScheduler.cs,144,,linked-reference
(reference),src/_reference/uncompiled/EJLive.Client.WinForms/Agent/NetworkMonitor.cs,99,,linked-reference
(reference),src/_reference/uncompiled/EJLive.Client.WinForms/Agent/ScreenshotScheduler.cs,104,,linked-reference
(reference),src/_reference/uncompiled/EJLive.Client.WinForms/Agent/TimeSyncScheduler.cs,94,,linked-reference
(reference),src/_reference/uncompiled/EJLive.Client.WinForms/AppBootstrapper.cs,26,,linked-reference
(reference),src/_reference/uncompiled/EJLive.Client.WinForms/ClientBackgroundApplicationContext.cs,33,,linked-reference
(reference),src/_reference/uncompiled/EJLive.Client.WinForms/ClientMainForm.Designer.cs,25,,linked-reference
(reference),src/_reference/uncompiled/EJLive.Client.WinForms/ClientMainForm.bind.cs,21,,linked-reference
(reference),src/_reference/uncompiled/EJLive.Client.WinForms/ControlExtensions.cs,380,,linked-reference
(reference),src/_reference/uncompiled/EJLive.Client.WinForms/Controls/ATMCardControl.cs,219,,linked-reference
(reference),src/_reference/uncompiled/EJLive.Client.WinForms/Controls/DarkButton.cs,90,,linked-reference
(reference),src/_reference/uncompiled/EJLive.Client.WinForms/Controls/StatusCard.cs,119,,linked-reference
(reference),src/_reference/uncompiled/EJLive.Client.WinForms/Controls/ThemeColors.cs,75,,linked-reference
(reference),src/_reference/uncompiled/EJLive.Client.WinForms/Controls/ToastNotification.cs,200,,linked-reference
(reference),src/_reference/uncompiled/EJLive.Client.WinForms/Forms/LogViewerForm.cs,172,,linked-reference
(reference),src/_reference/uncompiled/EJLive.Client.WinForms/Forms/MainForm.cs,744,,linked-reference
(reference),src/_reference/uncompiled/EJLive.Client.WinForms/Forms/SettingsForm.cs,364,,linked-reference
(reference),src/_reference/uncompiled/EJLive.Client.WinForms/JournalProcessor.cs,35724,,linked-reference
(reference),src/_reference/uncompiled/EJLive.Client.WinForms/Legacy/AllLegacyAdapters.cs,338,,linked-reference
(reference),src/_reference/uncompiled/EJLive.Client.WinForms/Properties/Resources.Designer.cs,63,,linked-reference
(reference),src/_reference/uncompiled/EJLive.Client.WinForms/Services/AdvancedJournalProcessor.cs,256,,linked-reference
(reference),src/_reference/uncompiled/EJLive.Client.WinForms/Services/AdvancedNetworkManager.cs,72,,linked-reference
(reference),src/_reference/uncompiled/EJLive.Client.WinForms/Services/AdvancedRemoteCommandHandler.cs,40,,linked-reference
(reference),src/_reference/uncompiled/EJLive.Client.WinForms/Services/CashTelemetryService.cs,218,,linked-reference
(reference),src/_reference/uncompiled/EJLive.Client.WinForms/Services/ClientConstants.cs,61,,linked-reference
(reference),src/_reference/uncompiled/EJLive.Client.WinForms/Services/ClientServiceAdapters.cs,359,,linked-reference
(reference),src/_reference/uncompiled/EJLive.Client.WinForms/Services/ClientServiceController.cs,379,,linked-reference
(reference),src/_reference/uncompiled/EJLive.Client.WinForms/Services/ClientSyncBridge.cs,859,,linked-reference
(reference),src/_reference/uncompiled/EJLive.Client.WinForms/Services/JournalProcessor.cs,463,,linked-reference
(reference),src/_reference/uncompiled/EJLive.Client.WinForms/Services/JournalSyncAgent.cs,81,,linked-reference
(reference),src/_reference/uncompiled/EJLive.Client.WinForms/Services/LabelMappingService.cs,43,,linked-reference
(reference),src/_reference/uncompiled/EJLive.Client.WinForms/Services/LegacySnippetAdapters.cs,835,,linked-reference
(reference),src/_reference/uncompiled/EJLive.Client.WinForms/Services/NetworkEngine.cs,160,,linked-reference
(reference),src/_reference/uncompiled/EJLive.Client.WinForms/Services/NetworkManager.cs,122,,linked-reference
(reference),src/_reference/uncompiled/EJLive.Client.WinForms/Services/NetworkServiceAdapter.cs,161,,linked-reference
(reference),src/_reference/uncompiled/EJLive.Client.WinForms/Services/RemoteCommandHandler.cs,1882,,linked-reference
(reference),src/_reference/uncompiled/EJLive.Client.WinForms/Services/RuntimeAgentConfigResolver.cs,161,,linked-reference
(reference),src/_reference/uncompiled/EJLive.Client.WinForms/Services/SessionCompanionIpc.cs,224,,linked-reference
(reference),src/_reference/uncompiled/EJLive.Client.WinForms/Services/UIBinder.cs,56,,linked-reference
(reference),src/_reference/uncompiled/EJLive.Client.WinForms/Services/WindowsPolicyEnforcer.cs,722,,linked-reference
(reference),src/_reference/uncompiled/EJLive.Client.WinForms/Services/WindowsRemoteAccessService.cs,2050,,linked-reference
(reference),src/_reference/uncompiled/EJLive.Client.WinForms/Services/WindowsServiceRegistrationService.cs,170,,linked-reference
(reference),src/_reference/uncompiled/EJLive.Client.WinForms/Services/WindowsStartupService.cs,248,,linked-reference
(reference),src/_reference/uncompiled/EJLive.Client.WinForms/StableClientMainForm.cs,216,,linked-reference
(reference),src/_reference/uncompiled/EJLive.Client.WinForms/StableClientProgram.cs,16,,linked-reference
(reference),src/_reference/uncompiled/EJLive.Client.WinForms/Supabase/SupabaseModels.cs,19,,linked-reference
(reference),src/_reference/uncompiled/EJLive.Client.WinForms/Supabase/SupabaseSync.cs,160,,linked-reference
(reference),src/_reference/uncompiled/EJLive.Core/ATMInfo.cs,24951,,linked-reference
(reference),src/_reference/uncompiled/EJLive.Core/AgentServiceRegistry.cs,176,,linked-reference
(reference),src/_reference/uncompiled/EJLive.Core/Client/ClientAutoBootstrap.cs,535,,linked-reference
(reference),src/_reference/uncompiled/EJLive.Core/Client/ClientCompanionContracts.cs,110,,linked-reference
(reference),src/_reference/uncompiled/EJLive.Core/Client/ClientCompanionFacade.cs,262,,linked-reference
(reference),src/_reference/uncompiled/EJLive.Core/Client/ClientPathConfigManager.cs,310,,linked-reference
(reference),src/_reference/uncompiled/EJLive.Core/Client/ClientServiceRegistry.cs,251,,linked-reference
(reference),src/_reference/uncompiled/EJLive.Core/Client/ClientSnapshotModels.cs,104,,linked-reference
(reference),src/_reference/uncompiled/EJLive.Core/Client/IClientServiceGateway.cs,199,,linked-reference
(reference),src/_reference/uncompiled/EJLive.Core/Client/LocalClientServiceGateway.cs,452,,linked-reference
(reference),src/_reference/uncompiled/EJLive.Core/Communication/MessageTypes.cs,254,,linked-reference
(reference),src/_reference/uncompiled/EJLive.Core/Compatibility/StringCompatibilityExtensions.cs,15,,linked-reference
(reference),src/_reference/uncompiled/EJLive.Core/Data/DatabaseManager.cs,2934,,linked-reference
(reference),src/_reference/uncompiled/EJLive.Core/Data/DatabaseSchema.cs,1802,,linked-reference
(reference),src/_reference/uncompiled/EJLive.Core/Engine/AtmVendorStrategyRegistry.cs,157,,linked-reference
(reference),src/_reference/uncompiled/EJLive.Core/Engine/DatabaseManagerStub.cs,648,,linked-reference
(reference),src/_reference/uncompiled/EJLive.Core/Engine/EvidenceCorrelationEngine.cs,980,,linked-reference
(reference),src/_reference/uncompiled/EJLive.Core/Engine/GhostRemoteEngine.cs,494,,linked-reference
(reference),src/_reference/uncompiled/EJLive.Core/Engine/IEvidenceCorrelationEngine.cs,116,,linked-reference
(reference),src/_reference/uncompiled/EJLive.Core/Engine/IStreamAnalysisEngine.cs,147,,linked-reference
(reference),src/_reference/uncompiled/EJLive.Core/Engine/JournalNetworkEngine.cs,728,,linked-reference
(reference),src/_reference/uncompiled/EJLive.Core/Engine/JournalSyncTracker.cs,9065,,linked-reference
(reference),src/_reference/uncompiled/EJLive.Core/Engine/NetworkSessionManager.cs,1033,,linked-reference
(reference),src/_reference/uncompiled/EJLive.Core/Engine/Protocol.cs,1881,,linked-reference
(reference),src/_reference/uncompiled/EJLive.Core/Engine/RealTimeStatusMissingComponents.cs,157,,linked-reference
(reference),src/_reference/uncompiled/EJLive.Core/Engine/ReportExportEngine.cs,603,,linked-reference
(reference),src/_reference/uncompiled/EJLive.Core/Engine/ServerEngine.cs,1135,,linked-reference
(reference),src/_reference/uncompiled/EJLive.Core/Engine/StableReadWindow.cs,100,,linked-reference
(reference),src/_reference/uncompiled/EJLive.Core/Engine/TransactionAnalysisEngine.cs,1011,,linked-reference
(reference),src/_reference/uncompiled/EJLive.Core/Health/HealthReporter.cs,140,,linked-reference
(reference),src/_reference/uncompiled/EJLive.Core/Interfaces/IService.cs,140,,linked-reference
(reference),src/_reference/uncompiled/EJLive.Core/Journal/VendorParsers.cs,393,,linked-reference
(reference),src/_reference/uncompiled/EJLive.Core/Models/ATMInfo.cs,457,,linked-reference
(reference),src/_reference/uncompiled/EJLive.Core/Models/AgentState.cs,12,,linked-reference
(reference),src/_reference/uncompiled/EJLive.Core/Models/AppSettings.cs,191,,linked-reference
(reference),src/_reference/uncompiled/EJLive.Core/Models/CanonicalModels.cs,1011,,linked-reference
(reference),src/_reference/uncompiled/EJLive.Core/Models/ClientDashboardModels.cs,1376,,linked-reference
(reference),src/_reference/uncompiled/EJLive.Core/Models/CorrelationMatchStrength.cs,28,,linked-reference
(reference),src/_reference/uncompiled/EJLive.Core/Models/NcrCapabilityModels.cs,23,,linked-reference
(reference),src/_reference/uncompiled/EJLive.Core/Models/NcrConfigCapabilityModels.cs,24,,linked-reference
(reference),src/_reference/uncompiled/EJLive.Core/Models/NcrConfigProfileModels.cs,35,,linked-reference
(reference),src/_reference/uncompiled/EJLive.Core/Models/OperationalContracts.cs,196,,linked-reference
(reference),src/_reference/uncompiled/EJLive.Core/Models/RemoteCommandEnvelope.cs,163,,linked-reference
(reference),src/_reference/uncompiled/EJLive.Core/Models/ReportingModels.cs,508,,linked-reference
(reference),src/_reference/uncompiled/EJLive.Core/Models/ServerDashboardModels.cs,1481,,linked-reference
(reference),src/_reference/uncompiled/EJLive.Core/Models/TransactionModels.cs,527,,linked-reference
(reference),src/_reference/uncompiled/EJLive.Core/Network/NetworkEngine.cs,97001,,linked-reference
(reference),src/_reference/uncompiled/EJLive.Core/Network/NetworkSessionManager.cs,295,,linked-reference
(reference),src/_reference/uncompiled/EJLive.Core/Parsers/TransactionAnalysisEngine.cs,19784,,linked-reference
(reference),src/_reference/uncompiled/EJLive.Core/Security/SecurityGovernance.cs,1,,linked-reference
(reference),src/_reference/uncompiled/EJLive.Core/Server/RealtimeIngestionHub.cs,1363,,linked-reference
(reference),src/_reference/uncompiled/EJLive.Core/Server/ServerIngestionPipeline.cs,420,,linked-reference
(reference),src/_reference/uncompiled/EJLive.Core/Sync/ChunkedSyncService.cs,1333,,linked-reference
(reference),src/_reference/uncompiled/EJLive.Core/Sync/JournalSyncModels.cs,13572,,linked-reference
(reference),src/_reference/uncompiled/EJLive.Core/Transport/TransportModels.cs,81,,linked-reference
(reference),src/_reference/uncompiled/EJLive.Core/UI/UIBinder.cs,65,,linked-reference
(reference),src/_reference/uncompiled/EJLive.Core/Utils/CodeDedupEngine.cs,439,,linked-reference
(reference),src/_reference/uncompiled/EJLive.Core/Utils/HugeFileViewer.cs,205,,linked-reference
(reference),src/_reference/uncompiled/EJLive.Core/Utils/ReportExporter.cs,283,,linked-reference
(reference),src/_reference/uncompiled/EJLive.Core/Utils/RetryPolicy.cs,1561,,linked-reference
(reference),src/_reference/uncompiled/EJLive.Core/Utils/ServerEngine.cs,77320,,linked-reference
(reference),src/_reference/uncompiled/EJLive.Core/Vendors/VendorPathContracts.cs,155,,linked-reference
(reference),src/_reference/uncompiled/EJLive.Core/Vendors/VendorPathProviders.cs,111,,linked-reference
(reference),src/_reference/uncompiled/EJLive.Core/Xfs/IXfsVendorAdapter.cs,43,,linked-reference
(reference),src/_reference/uncompiled/EJLive.Core/Xfs/Models/XfsNormalizedModels.cs,70,,linked-reference
(reference),src/_reference/uncompiled/EJLive.Core/Xfs/XfsContracts.cs,143,,linked-reference
(reference),src/_reference/uncompiled/EJLive.Installer.WinForms/InstallerForm.Designer.cs,545,,linked-reference
(reference),src/_reference/uncompiled/EJLive.Installer.WinForms/StableInstallerForm.cs,118,,linked-reference
(reference),src/_reference/uncompiled/EJLive.Installer.WinForms/StableInstallerProgram.cs,16,,linked-reference
(reference),src/_reference/uncompiled/EJLive.LegacyReference/AssemblyInfo.cs,15,,linked-reference
(reference),src/_reference/uncompiled/EJLive.Monitoring.WinForms/Dashboard/MainDashboardForm.cs,3386,,linked-reference
(reference),src/_reference/uncompiled/EJLive.Monitoring.WinForms/MainDashboardForm.Designer.cs,951,,linked-reference
(reference),src/_reference/uncompiled/EJLive.Monitoring.WinForms/MonitoringDashboard.Designer.cs,30,,linked-reference
(reference),src/_reference/uncompiled/EJLive.Monitoring.WinForms/MonitoringDashboard.cs,578,,linked-reference
(reference),src/_reference/uncompiled/EJLive.Monitoring.WinForms/StableMainDashboardForm.cs,98,,linked-reference
(reference),src/_reference/uncompiled/EJLive.Monitoring.WinForms/StableMonitoringDashboard.cs,26,,linked-reference
(reference),src/_reference/uncompiled/EJLive.Monitoring.WinForms/StableMonitoringProgram.cs,16,,linked-reference
(reference),src/_reference/uncompiled/EJLive.Server.WinForms/ATMCardPanel.cs,166,,linked-reference
(reference),src/_reference/uncompiled/EJLive.Server.WinForms/ATMDetailDrawerForm.Designer.cs,26,,linked-reference
(reference),src/_reference/uncompiled/EJLive.Server.WinForms/ATMDetailDrawerForm.cs,279,,linked-reference
(reference),src/_reference/uncompiled/EJLive.Server.WinForms/ATMDetailForm.Designer.cs,86,,linked-reference
(reference),src/_reference/uncompiled/EJLive.Server.WinForms/ATMDetailForm.cs,52,,linked-reference
(reference),src/_reference/uncompiled/EJLive.Server.WinForms/Dashboards/Classic/MonitoringDashboardClassicForm.Designer.cs,34,,linked-reference
(reference),src/_reference/uncompiled/EJLive.Server.WinForms/Dashboards/Classic/MonitoringDashboardClassicForm.cs,661,,linked-reference
(reference),src/_reference/uncompiled/EJLive.Server.WinForms/Dashboards/JournalAnalysisDashboard.cs,136,,linked-reference
(reference),src/_reference/uncompiled/EJLive.Server.WinForms/Dashboards/LogAnalysisDashboard.cs,87,,linked-reference
(reference),src/_reference/uncompiled/EJLive.Server.WinForms/Dashboards/Primary/MonitoringDashboardPrimaryForm.cs,1090,,linked-reference
(reference),src/_reference/uncompiled/EJLive.Server.WinForms/EJServer.cs,11313,,linked-reference
(reference),src/_reference/uncompiled/EJLive.Server.WinForms/EnhancedServerMainForm.cs,193,,linked-reference
(reference),src/_reference/uncompiled/EJLive.Server.WinForms/JournalSyncDashboardForm.cs,221,,linked-reference
(reference),src/_reference/uncompiled/EJLive.Server.WinForms/JournalViewerForm.Designer.cs,26,,linked-reference
(reference),src/_reference/uncompiled/EJLive.Server.WinForms/JournalViewerForm.bind.cs,20,,linked-reference
(reference),src/_reference/uncompiled/EJLive.Server.WinForms/JournalViewerForm.cs,298,,linked-reference
(reference),src/_reference/uncompiled/EJLive.Server.WinForms/Models/DashboardModuleDefinition.cs,97,,linked-reference
(reference),src/_reference/uncompiled/EJLive.Server.WinForms/ServerAdapters.cs,45,,linked-reference
(reference),src/_reference/uncompiled/EJLive.Server.WinForms/ServerMainForm.Designer.cs,885,,linked-reference
(reference),src/_reference/uncompiled/EJLive.Server.WinForms/ServerMainForm.bind.cs,21,,linked-reference
(reference),src/_reference/uncompiled/EJLive.Server.WinForms/Services/ArchiveManager.cs,361,,linked-reference
(reference),src/_reference/uncompiled/EJLive.Server.WinForms/Services/EJServer.cs,635,,linked-reference
(reference),src/_reference/uncompiled/EJLive.Server.WinForms/Services/EJServerService.cs,2,,linked-reference
(reference),src/_reference/uncompiled/EJLive.Server.WinForms/Services/JournalAnalyticsService.cs,514,,linked-reference
(reference),src/_reference/uncompiled/EJLive.Server.WinForms/Services/RemoteControlService.cs,680,,linked-reference
(reference),src/_reference/uncompiled/EJLive.Server.WinForms/Services/UIBinder.cs,53,,linked-reference
(reference),src/_reference/uncompiled/EJLive.Server.WinForms/Services/UnifiedJournalRoutingService.cs,146,,linked-reference
(reference),src/_reference/uncompiled/EJLive.Server.WinForms/StableServerMainForm.cs,186,,linked-reference
(reference),src/_reference/uncompiled/EJLive.Server.WinForms/StableServerProgram.cs,16,,linked-reference
(reference),src/_reference/uncompiled/EJLive.Server/ATMCardPanel.cs,230,,linked-reference
(reference),src/_reference/uncompiled/EJLive.Server/ATMDetailDrawerForm.Designer.cs,25,,linked-reference
(reference),src/_reference/uncompiled/EJLive.Server/ATMDetailDrawerForm.cs,423,,linked-reference
(reference),src/_reference/uncompiled/EJLive.Server/ATMDetailForm.Designer.cs,84,,linked-reference
(reference),src/_reference/uncompiled/EJLive.Server/ATMDetailForm.cs,50,,linked-reference
(reference),src/_reference/uncompiled/EJLive.Server/ArchiveManager.cs,467,,linked-reference
(reference),src/_reference/uncompiled/EJLive.Server/Controls/ThemeColors.cs,48,,linked-reference
(reference),src/_reference/uncompiled/EJLive.Server/EJServer.cs,1119,,linked-reference
(reference),src/_reference/uncompiled/EJLive.Server/Forms/DashboardForm.cs,34,,linked-reference
(reference),src/_reference/uncompiled/EJLive.Server/Forms/ServerSettingsForm.cs,27,,linked-reference
(reference),src/_reference/uncompiled/EJLive.Server/JournalSyncDashboardForm.cs,218,,linked-reference
(reference),src/_reference/uncompiled/EJLive.Server/JournalViewerForm.Designer.cs,25,,linked-reference
(reference),src/_reference/uncompiled/EJLive.Server/JournalViewerForm.cs,403,,linked-reference
(reference),src/_reference/uncompiled/EJLive.Server/Program.cs,30,,linked-reference
(reference),src/_reference/uncompiled/EJLive.Server/ServerMainForm.Designer.cs,1708,,linked-reference
(reference),src/_reference/uncompiled/EJLive.Server/ServerMainForm.cs,5292,,linked-reference
(reference),src/_reference/uncompiled/EJLive.Server/Services/EJServerService.cs,0,,linked-reference
(reference),src/_reference/uncompiled/EJLive.Server/Services/ServerServiceController.cs,36,,linked-reference
(reference),src/_reference/uncompiled/EJLive.Server/SyncDashboardForm.Designer.cs,110,,linked-reference
(reference),src/_reference/uncompiled/EJLive.Server/SyncDashboardForm.cs,98,,linked-reference
(reference),src/_reference/uncompiled/EJLive.Shared/LightUiTheme.cs,241,,linked-reference
(reference),src/_reference/uncompiled/EJLive.Shared/Logger.cs,33,,linked-reference
(reference),src/_reference/vs-copies/EJLive.Core/Services/JournalSyncTrackerService (91).cs,2095,,linked-reference
(reference),src/_reference/vs-copies/EJLive.Core/Services/MergedTraceCorrelationService (51).cs,978,,linked-reference
(reference),src/_reference/vs-copies/EJLive.Core/Services/NcrConfigCapabilityParser (72).cs,2058,,linked-reference
(reference),src/_reference/vs-copies/EJLive.Core/Services/RemoteDiagnosticCommandService (8).cs,378,,linked-reference
